INSERT INTO `au_risorse` (`idRisorsa`, `nomeMetodo`, `descrizione`, `dataCreazione`, `dataEliminazione`) VALUES('AMM_ASSOCIA_RUOLO_RISORSA', 'associaRuoloRisorsa', 'Descrizione', '2000-06-12 00:00:00', NULL);
INSERT INTO `au_risorse` (`idRisorsa`, `nomeMetodo`, `descrizione`, `dataCreazione`, `dataEliminazione`) VALUES('AMM_ASSOCIA_RUOLO_UTENTE', 'associaRuoloUtente', 'Associa un ruolo ad un utente', '2000-06-12 00:00:00', NULL);
INSERT INTO `au_risorse` (`idRisorsa`, `nomeMetodo`, `descrizione`, `dataCreazione`, `dataEliminazione`) VALUES('AMM_ASSOCIA_RUOLO_VOCE_MENU', 'associaRuoloVoceMenu', 'Descrizione', '2000-06-12 00:00:00', NULL);
INSERT INTO `au_risorse` (`idRisorsa`, `nomeMetodo`, `descrizione`, `dataCreazione`, `dataEliminazione`) VALUES('AMM_AZZERA_CONTATORE_ALERT', 'azzeraContatoreAlert', 'Azzera', '2000-06-12 00:00:00', NULL);
INSERT INTO `au_risorse` (`idRisorsa`, `nomeMetodo`, `descrizione`, `dataCreazione`, `dataEliminazione`) VALUES('AMM_BLOCCA_INDIRIZZO_IP', 'bloccaIndirizzoIp', 'Blocca', '2000-06-12 00:00:00', NULL);
INSERT INTO `au_risorse` (`idRisorsa`, `nomeMetodo`, `descrizione`, `dataCreazione`, `dataEliminazione`) VALUES('AMM_BLOCCA_UTENTE', 'bloccaUtente', '', '2000-06-12 00:00:00', NULL);
INSERT INTO `au_risorse` (`idRisorsa`, `nomeMetodo`, `descrizione`, `dataCreazione`, `dataEliminazione`) VALUES('AMM_DISSOCIA_RUOLO_RISORSA', 'dissociaRuoloRisorsa', 'Descrizione', '2000-06-12 00:00:00', NULL);
INSERT INTO `au_risorse` (`idRisorsa`, `nomeMetodo`, `descrizione`, `dataCreazione`, `dataEliminazione`) VALUES('AMM_DISSOCIA_RUOLO_UTENTE', 'dissociaRuoloUtente', 'Rimuove un ruolo ad un utente', '2000-06-12 00:00:00', NULL);
INSERT INTO `au_risorse` (`idRisorsa`, `nomeMetodo`, `descrizione`, `dataCreazione`, `dataEliminazione`) VALUES('AMM_DISSOCIA_RUOLO_VOCE_MENU', 'dissociaRuoloVoceMenu', 'Descrizione', '2000-06-12 00:00:00', NULL);
INSERT INTO `au_risorse` (`idRisorsa`, `nomeMetodo`, `descrizione`, `dataCreazione`, `dataEliminazione`) VALUES('AMM_ELIMINA_NOTIFICA', 'eliminaNotifica', 'a', '2000-06-12 00:00:00', NULL);
INSERT INTO `au_risorse` (`idRisorsa`, `nomeMetodo`, `descrizione`, `dataCreazione`, `dataEliminazione`) VALUES('AMM_ELIMINA_RISORSA', 'eliminaRisorsa', 'La risorsa se ha prefisso AMM_ non potrà essere eliminata', '2000-06-12 00:00:00', NULL);
INSERT INTO `au_risorse` (`idRisorsa`, `nomeMetodo`, `descrizione`, `dataCreazione`, `dataEliminazione`) VALUES('AMM_ELIMINA_T_RUOLO', 'eliminaRuolo', 'Non si può eliminare il ruolo AMM', '2000-06-12 00:00:00', NULL);
INSERT INTO `au_risorse` (`idRisorsa`, `nomeMetodo`, `descrizione`, `dataCreazione`, `dataEliminazione`) VALUES('AMM_ELIMINA_UTENTE', 'eliminaUtente', '', '2000-06-12 00:00:00', NULL);
INSERT INTO `au_risorse` (`idRisorsa`, `nomeMetodo`, `descrizione`, `dataCreazione`, `dataEliminazione`) VALUES('AMM_ELIMINA_VOCE_MENU', 'eliminaVoceMenu', 'Descrizione', '2000-06-12 00:00:00', NULL);
INSERT INTO `au_risorse` (`idRisorsa`, `nomeMetodo`, `descrizione`, `dataCreazione`, `dataEliminazione`) VALUES('AMM_GET_COMBO_RUOLI', 'getComboRuoli', 'a', '2000-06-12 00:00:00', NULL);
INSERT INTO `au_risorse` (`idRisorsa`, `nomeMetodo`, `descrizione`, `dataCreazione`, `dataEliminazione`) VALUES('AMM_GET_DESTINATARI_NOTIFICA', 'getDestinatariNotifica', 'a', '2000-06-12 00:00:00', NULL);
INSERT INTO `au_risorse` (`idRisorsa`, `nomeMetodo`, `descrizione`, `dataCreazione`, `dataEliminazione`) VALUES('AMM_GET_LISTA_ACCESSI', 'getListaAccessi', 'boh', '2000-06-12 00:00:00', NULL);
INSERT INTO `au_risorse` (`idRisorsa`, `nomeMetodo`, `descrizione`, `dataCreazione`, `dataEliminazione`) VALUES('AMM_GET_LISTA_DISPOSITIVI_FISICI', 'getListaDispositiviFisici', 'Boh', '2000-06-12 00:00:00', NULL);
INSERT INTO `au_risorse` (`idRisorsa`, `nomeMetodo`, `descrizione`, `dataCreazione`, `dataEliminazione`) VALUES('AMM_GET_LISTA_NOTIFICHE', 'getListaNotifiche', 'a', '2000-06-12 00:00:00', NULL);
INSERT INTO `au_risorse` (`idRisorsa`, `nomeMetodo`, `descrizione`, `dataCreazione`, `dataEliminazione`) VALUES('AMM_GET_LISTA_VOCI_MENU', 'getVociMenu', 'Descrizione', '2000-06-12 00:00:00', NULL);
INSERT INTO `au_risorse` (`idRisorsa`, `nomeMetodo`, `descrizione`, `dataCreazione`, `dataEliminazione`) VALUES('AMM_GET_MENU_PER_RUOLO', 'getVociMenuPerRuolo', 'Dai lista voci menu con flag ASSOCIATO NON ASSOCIATO', '2000-06-12 00:00:00', NULL);
INSERT INTO `au_risorse` (`idRisorsa`, `nomeMetodo`, `descrizione`, `dataCreazione`, `dataEliminazione`) VALUES('AMM_GET_NOTIFICA', 'getNotifica', 'a', '2000-06-12 00:00:00', NULL);
INSERT INTO `au_risorse` (`idRisorsa`, `nomeMetodo`, `descrizione`, `dataCreazione`, `dataEliminazione`) VALUES('AMM_GET_NUMERO_ACCESSI_ATTIVI', 'getNumeroAccessiAttivi', 'a', '2000-06-12 00:00:00', NULL);
INSERT INTO `au_risorse` (`idRisorsa`, `nomeMetodo`, `descrizione`, `dataCreazione`, `dataEliminazione`) VALUES('AMM_GET_NUMERO_DISPOSITIVI_FISICI_ATTIVI', 'getNumeroDispositiviFisiciAttivi', 'a', '2000-06-12 00:00:00', NULL);
INSERT INTO `au_risorse` (`idRisorsa`, `nomeMetodo`, `descrizione`, `dataCreazione`, `dataEliminazione`) VALUES('AMM_GET_NUMERO_INDIRIZZI_IP', 'getNumeroIndirizziIp', 'a', '2000-06-12 00:00:00', NULL);
INSERT INTO `au_risorse` (`idRisorsa`, `nomeMetodo`, `descrizione`, `dataCreazione`, `dataEliminazione`) VALUES('AMM_GET_NUMERO_RISORSE', 'getNumeroRisorse', 'a', '2000-06-12 00:00:00', NULL);
INSERT INTO `au_risorse` (`idRisorsa`, `nomeMetodo`, `descrizione`, `dataCreazione`, `dataEliminazione`) VALUES('AMM_GET_NUMERO_RUOLI', 'getNumeroRuoli', 'boh', '2000-06-12 00:00:00', NULL);
INSERT INTO `au_risorse` (`idRisorsa`, `nomeMetodo`, `descrizione`, `dataCreazione`, `dataEliminazione`) VALUES('AMM_GET_NUMERO_UTENTI', 'getNumeroUtenti', 'boh', '2000-06-12 00:00:00', NULL);
INSERT INTO `au_risorse` (`idRisorsa`, `nomeMetodo`, `descrizione`, `dataCreazione`, `dataEliminazione`) VALUES('AMM_GET_NUMERO_VOCI_MENU', 'getNumeroVociMenu', 'boh', '2000-06-12 00:00:00', NULL);
INSERT INTO `au_risorse` (`idRisorsa`, `nomeMetodo`, `descrizione`, `dataCreazione`, `dataEliminazione`) VALUES('AMM_GET_RISORSA', 'getRisorsa', 'La risorsa se ha prefisso AMM_ sarà in sola lettura', '2000-06-12 00:00:00', NULL);
INSERT INTO `au_risorse` (`idRisorsa`, `nomeMetodo`, `descrizione`, `dataCreazione`, `dataEliminazione`) VALUES('AMM_GET_RISORSE_PER_RUOLO', 'getRisorsePerRuolo', 'Dai lista risorse con flag ASSOCIATO NON ASSOCIATO', '2000-06-12 00:00:00', NULL);
INSERT INTO `au_risorse` (`idRisorsa`, `nomeMetodo`, `descrizione`, `dataCreazione`, `dataEliminazione`) VALUES('AMM_GET_STATISTICHE_METODI', 'getStatisticheMetodi', 'Statistiche grafico homepage', '2000-06-12 00:00:00', NULL);
INSERT INTO `au_risorse` (`idRisorsa`, `nomeMetodo`, `descrizione`, `dataCreazione`, `dataEliminazione`) VALUES('AMM_GET_T_RUOLO', 'getRuolo', 'Descrizione', '2000-06-12 00:00:00', NULL);
INSERT INTO `au_risorse` (`idRisorsa`, `nomeMetodo`, `descrizione`, `dataCreazione`, `dataEliminazione`) VALUES('AMM_GET_UTENTE', 'getUtente', '', '2000-06-12 00:00:00', NULL);
INSERT INTO `au_risorse` (`idRisorsa`, `nomeMetodo`, `descrizione`, `dataCreazione`, `dataEliminazione`) VALUES('AMM_GET_UTENTI_RUOLO', 'getUtentiPerRuolo', 'Dai lista utenti con flag ASSOCIATO NON ASSOCIATO', '2000-06-12 00:00:00', NULL);
INSERT INTO `au_risorse` (`idRisorsa`, `nomeMetodo`, `descrizione`, `dataCreazione`, `dataEliminazione`) VALUES('AMM_GET_VOCE_MENU', 'getVoceMenu', 'Descrizione', '2000-06-12 00:00:00', NULL);
INSERT INTO `au_risorse` (`idRisorsa`, `nomeMetodo`, `descrizione`, `dataCreazione`, `dataEliminazione`) VALUES('AMM_INSERISCI_NOTIFICA', 'inserisciNotifica', 'a', '2000-06-12 00:00:00', NULL);
INSERT INTO `au_risorse` (`idRisorsa`, `nomeMetodo`, `descrizione`, `dataCreazione`, `dataEliminazione`) VALUES('AMM_INSERISCI_RISORSA', 'inserisciRisorsa', 'La risorsa non può avere prefisso AMM_', '2000-06-12 00:00:00', NULL);
INSERT INTO `au_risorse` (`idRisorsa`, `nomeMetodo`, `descrizione`, `dataCreazione`, `dataEliminazione`) VALUES('AMM_INSERISCI_T_RUOLO', 'inserisciRuolo', 'Non si può inserire il ruolo AMM', '2000-06-12 00:00:00', NULL);
INSERT INTO `au_risorse` (`idRisorsa`, `nomeMetodo`, `descrizione`, `dataCreazione`, `dataEliminazione`) VALUES('AMM_INSERISCI_UTENTE', 'inserisciUtente', '', '2000-06-12 00:00:00', NULL);
INSERT INTO `au_risorse` (`idRisorsa`, `nomeMetodo`, `descrizione`, `dataCreazione`, `dataEliminazione`) VALUES('AMM_INSERISCI_VOCE_MENU', 'inserisciVoceMenu', 'Descrizione', '2000-06-12 00:00:00', NULL);
INSERT INTO `au_risorse` (`idRisorsa`, `nomeMetodo`, `descrizione`, `dataCreazione`, `dataEliminazione`) VALUES('AMM_INVIA_NOTIFICA_RUOLO', 'inviaNotificaRuolo', 'a', '2000-06-12 00:00:00', NULL);
INSERT INTO `au_risorse` (`idRisorsa`, `nomeMetodo`, `descrizione`, `dataCreazione`, `dataEliminazione`) VALUES('AMM_INVIA_NOTIFICA_TUTTI', 'inviaNotificaTutti', 'a', '2000-06-12 00:00:00', NULL);
INSERT INTO `au_risorse` (`idRisorsa`, `nomeMetodo`, `descrizione`, `dataCreazione`, `dataEliminazione`) VALUES('AMM_INVIA_NOTIFICA_UTENTE', 'inviaNotificaUtente', 'a', '2000-06-12 00:00:00', NULL);
INSERT INTO `au_risorse` (`idRisorsa`, `nomeMetodo`, `descrizione`, `dataCreazione`, `dataEliminazione`) VALUES('AMM_LISTA_INDIRIZZI_IP', 'getIndirizziIp', 'Lista indirizzi ip', '2000-06-12 00:00:00', NULL);
INSERT INTO `au_risorse` (`idRisorsa`, `nomeMetodo`, `descrizione`, `dataCreazione`, `dataEliminazione`) VALUES('AMM_LISTA_RISORSE', 'getRisorse', 'Prova', '2000-06-12 00:00:00', NULL);
INSERT INTO `au_risorse` (`idRisorsa`, `nomeMetodo`, `descrizione`, `dataCreazione`, `dataEliminazione`) VALUES('AMM_LISTA_T_RUOLI', 'getRuoli', 'Descrizione', '2000-06-12 00:00:00', NULL);
INSERT INTO `au_risorse` (`idRisorsa`, `nomeMetodo`, `descrizione`, `dataCreazione`, `dataEliminazione`) VALUES('AMM_LISTA_UTENTI', 'getListaUtenti', '', '2000-06-12 00:00:00', NULL);
INSERT INTO `au_risorse` (`idRisorsa`, `nomeMetodo`, `descrizione`, `dataCreazione`, `dataEliminazione`) VALUES('AMM_LOG_DEBUG', 'getLogs', 'Descrizione', '2000-06-12 00:00:00', NULL);
INSERT INTO `au_risorse` (`idRisorsa`, `nomeMetodo`, `descrizione`, `dataCreazione`, `dataEliminazione`) VALUES('AMM_LOG_ERROR', 'getLogs', 'Descrizione', '2000-06-12 00:00:00', NULL);
INSERT INTO `au_risorse` (`idRisorsa`, `nomeMetodo`, `descrizione`, `dataCreazione`, `dataEliminazione`) VALUES('AMM_LOG_INFO', 'getLogs', 'Descrizione', '2000-06-12 00:00:00', NULL);
INSERT INTO `au_risorse` (`idRisorsa`, `nomeMetodo`, `descrizione`, `dataCreazione`, `dataEliminazione`) VALUES('AMM_LOG_WARN', 'getLogs', 'Descrizione', '2000-06-12 00:00:00', NULL);
INSERT INTO `au_risorse` (`idRisorsa`, `nomeMetodo`, `descrizione`, `dataCreazione`, `dataEliminazione`) VALUES('AMM_MODIFICA_NOTIFICA', 'modificaNotifica', 'a', '2000-06-12 00:00:00', NULL);
INSERT INTO `au_risorse` (`idRisorsa`, `nomeMetodo`, `descrizione`, `dataCreazione`, `dataEliminazione`) VALUES('AMM_MODIFICA_RISORSA', 'modificaRisorsa', 'La risorsa se ha prefisso AMM_ non potrà essere modificata', '2000-06-12 00:00:00', NULL);
INSERT INTO `au_risorse` (`idRisorsa`, `nomeMetodo`, `descrizione`, `dataCreazione`, `dataEliminazione`) VALUES('AMM_MODIFICA_T_RUOLO', 'modificaRuolo', 'Non si può modificare il ruolo AMM', '2000-06-12 00:00:00', NULL);
INSERT INTO `au_risorse` (`idRisorsa`, `nomeMetodo`, `descrizione`, `dataCreazione`, `dataEliminazione`) VALUES('AMM_MODIFICA_UTENTE', 'modificaUtente', '', '2000-06-12 00:00:00', NULL);
INSERT INTO `au_risorse` (`idRisorsa`, `nomeMetodo`, `descrizione`, `dataCreazione`, `dataEliminazione`) VALUES('AMM_MODIFICA_VOCE_MENU', 'modificaVoceMenu', 'Descrizione', '2000-06-12 00:00:00', NULL);
INSERT INTO `au_risorse` (`idRisorsa`, `nomeMetodo`, `descrizione`, `dataCreazione`, `dataEliminazione`) VALUES('AMM_NUMERO_LOGIN', 'getNumeroLogin', 'a', '2000-06-12 00:00:00', NULL);
INSERT INTO `au_risorse` (`idRisorsa`, `nomeMetodo`, `descrizione`, `dataCreazione`, `dataEliminazione`) VALUES('AMM_RIMUOVI_DISPOSITIVO_FISICO', 'rimuoviDispositivoFisico', 'boh', '2000-06-12 00:00:00', NULL);
INSERT INTO `au_risorse` (`idRisorsa`, `nomeMetodo`, `descrizione`, `dataCreazione`, `dataEliminazione`) VALUES('AMM_SBLOCCA_INDIRIZZO_IP', 'sbloccaIndirizzoIp', 'Sblocca', '2000-06-12 00:00:00', NULL);
INSERT INTO `au_risorse` (`idRisorsa`, `nomeMetodo`, `descrizione`, `dataCreazione`, `dataEliminazione`) VALUES('AMM_SBLOCCA_UTENTE', 'sbloccaUtente', '', '2000-06-12 00:00:00', NULL);
INSERT INTO `au_risorse` (`idRisorsa`, `nomeMetodo`, `descrizione`, `dataCreazione`, `dataEliminazione`) VALUES('AMM_TERMINA_ACCESSO', 'terminaAccesso', 'BOH', '2000-06-12 00:00:00', NULL);
INSERT INTO `au_risorse` (`idRisorsa`, `nomeMetodo`, `descrizione`, `dataCreazione`, `dataEliminazione`) VALUES('USER_ABILITA_TIPO_METODO_LOGIN', 'abilitaTipoMetodoLogin', 'abilitaTipoMetodoLogin', '2000-06-12 00:00:00', NULL);
INSERT INTO `au_risorse` (`idRisorsa`, `nomeMetodo`, `descrizione`, `dataCreazione`, `dataEliminazione`) VALUES('USER_ABILITA_TIPO_RECUPERO_PASSWORD', 'abilitaTipoRecuperoPassword', 'abilitaTipoRecuperoPassword', '2000-06-12 00:00:00', NULL);
INSERT INTO `au_risorse` (`idRisorsa`, `nomeMetodo`, `descrizione`, `dataCreazione`, `dataEliminazione`) VALUES('USER_DISABILITA_DISPOSITIVO_FISICO', 'disabilitaDispositivoFisico', 'disabilitaDispositivoFisico', '2000-06-12 00:00:00', NULL);
INSERT INTO `au_risorse` (`idRisorsa`, `nomeMetodo`, `descrizione`, `dataCreazione`, `dataEliminazione`) VALUES('USER_DISABILITA_TIPO_METODO_LOGIN', 'disabilitaTipoMetodoLogin', 'disabilitaTipoMetodoLogin', '2000-06-12 00:00:00', NULL);
INSERT INTO `au_risorse` (`idRisorsa`, `nomeMetodo`, `descrizione`, `dataCreazione`, `dataEliminazione`) VALUES('USER_DISABILITA_TIPO_RECUPERO_PASSWORD', 'disabilitaTipoRecuperoPassword', 'disabilitaTipoRecuperoPassword', '2000-06-12 00:00:00', NULL);
INSERT INTO `au_risorse` (`idRisorsa`, `nomeMetodo`, `descrizione`, `dataCreazione`, `dataEliminazione`) VALUES('USER_ELIMINA_NOTIFICA', 'eliminaNotificaLatoUtente', 'a', '2000-06-12 00:00:00', NULL);
INSERT INTO `au_risorse` (`idRisorsa`, `nomeMetodo`, `descrizione`, `dataCreazione`, `dataEliminazione`) VALUES('USER_GENERA_CODICI_BACKUP', 'generaCodiciBackup', 'generaCodiciBackup', '2000-06-12 00:00:00', NULL);
INSERT INTO `au_risorse` (`idRisorsa`, `nomeMetodo`, `descrizione`, `dataCreazione`, `dataEliminazione`) VALUES('USER_GENERA_ID_DISPOSITIVO_FISICO', 'generaIdentificativoDispositivoFisico', 'generaIdentificativoDispositivoFisico', '2000-06-12 00:00:00', NULL);
INSERT INTO `au_risorse` (`idRisorsa`, `nomeMetodo`, `descrizione`, `dataCreazione`, `dataEliminazione`) VALUES('USER_GET_COMBO_VOCI_MENU', 'getComboVociMenu', 'Restituisce l\'elenco delle voci di menu per le combo', '2000-06-12 00:00:00', NULL);
INSERT INTO `au_risorse` (`idRisorsa`, `nomeMetodo`, `descrizione`, `dataCreazione`, `dataEliminazione`) VALUES('USER_GET_METODI_AUTENTICAZIONE_PER_UTENTE_LOGGATO', 'getMetodiAutenticazionePerUtenteLoggato', 'getMetodiAutenticazionePerUtenteLoggato', '2000-06-12 00:00:00', NULL);
INSERT INTO `au_risorse` (`idRisorsa`, `nomeMetodo`, `descrizione`, `dataCreazione`, `dataEliminazione`) VALUES('USER_GET_METODI_RECUPERO_PASSWORD_UTENTE_LOGGATO', 'getMetodiRecuperoPasswordPerUtenteLoggato', 'getMetodiRecuperoPasswordPerUtenteLoggato', '2000-06-12 00:00:00', NULL);
INSERT INTO `au_risorse` (`idRisorsa`, `nomeMetodo`, `descrizione`, `dataCreazione`, `dataEliminazione`) VALUES('USER_GET_NOTIFICA', 'getNotificaLatoUtente', 'a', '2000-06-12 00:00:00', NULL);
INSERT INTO `au_risorse` (`idRisorsa`, `nomeMetodo`, `descrizione`, `dataCreazione`, `dataEliminazione`) VALUES('USER_GET_NOTIFICHE', 'getNotificheLatoUtente', 'a', '2000-06-12 00:00:00', NULL);
INSERT INTO `au_risorse` (`idRisorsa`, `nomeMetodo`, `descrizione`, `dataCreazione`, `dataEliminazione`) VALUES('USER_GET_STORICO_ACCESSI', 'getStoricoAccessi', 'getStoricoAccessi', '2000-06-12 00:00:00', NULL);
INSERT INTO `au_risorse` (`idRisorsa`, `nomeMetodo`, `descrizione`, `dataCreazione`, `dataEliminazione`) VALUES('USER_GET_UTENTE_LOGGATO', 'getUtenteLoggato', 'Verifica autenticazione utente', '2000-06-12 00:00:00', NULL);
INSERT INTO `au_risorse` (`idRisorsa`, `nomeMetodo`, `descrizione`, `dataCreazione`, `dataEliminazione`) VALUES('USER_GET_VOCI_MENU_PER_UTENTE', 'getVociMenuPerUtente', 'Restituisce il menu utente', '2000-06-12 00:00:00', NULL);
INSERT INTO `au_risorse` (`idRisorsa`, `nomeMetodo`, `descrizione`, `dataCreazione`, `dataEliminazione`) VALUES('USER_INVALIDA_TOKEN', 'invalidaToken', 'invalidaTokenSpecifico', '2000-06-12 00:00:00', NULL);
INSERT INTO `au_risorse` (`idRisorsa`, `nomeMetodo`, `descrizione`, `dataCreazione`, `dataEliminazione`) VALUES('USER_IS_DISPOSITIVO_ABILITATO', 'isDispositivoAbilitato', 'isDispositivoAbilitato', '2000-06-12 00:00:00', NULL);
INSERT INTO `au_risorse` (`idRisorsa`, `nomeMetodo`, `descrizione`, `dataCreazione`, `dataEliminazione`) VALUES('USER_LEGGI_NOTIFICHE', 'leggiNotificheLatoUtente', 'a', '2000-06-12 00:00:00', NULL);
INSERT INTO `au_risorse` (`idRisorsa`, `nomeMetodo`, `descrizione`, `dataCreazione`, `dataEliminazione`) VALUES('USER_LISTA_DISPOSITIVI_FISICI', 'getDispositiviFisici', 'getDispositiviFisici', '2000-06-12 00:00:00', NULL);
INSERT INTO `au_risorse` (`idRisorsa`, `nomeMetodo`, `descrizione`, `dataCreazione`, `dataEliminazione`) VALUES('USER_VERIFICA_AUTENTICAZIONE', 'verificaAutenticazione', 'Verifica autenticazione utente', '2000-06-12 00:00:00', NULL);
INSERT INTO `au_risorse` (`idRisorsa`, `nomeMetodo`, `descrizione`, `dataCreazione`, `dataEliminazione`) VALUES('USER_GENERA_ID_TELEGRAM', 'generaIdentificativoTelegram', 'generaIdentificativoTelegram', '2000-06-12 00:00:00', NULL);
INSERT INTO `au_risorse` (`idRisorsa`, `nomeMetodo`, `descrizione`, `dataCreazione`, `dataEliminazione`) VALUES('USER_LISTA_DISPOSITIVI_FISICI_TELEGRAM', 'getDispositiviFisiciTelegram', 'getDispositiviFisiciTelegram', '2000-06-12 00:00:00', NULL);
INSERT INTO `au_risorse` (`idRisorsa`, `nomeMetodo`, `descrizione`, `dataCreazione`, `dataEliminazione`) VALUES('AMM_GET_LISTA_DISPOSITIVI_FISICI_TELEGRAM', 'getListaDispositiviFisiciTelegram', 'getListaDispositiviFisiciTelegram', '2000-06-12 00:00:00', NULL);
INSERT INTO `au_risorse` (`idRisorsa`, `nomeMetodo`, `descrizione`, `dataCreazione`, `dataEliminazione`) VALUES('AMM_RIMUOVI_DISPOSITIVO_FISICO_TELEGRAM', 'rimuoviDispositivoFisicoTelegram', 'rimuoviDispositivoFisicoTelegram', '2000-06-12 00:00:00', NULL);
INSERT INTO `au_risorse` (`idRisorsa`, `nomeMetodo`, `descrizione`, `dataCreazione`, `dataEliminazione`) VALUES('AMM_LOG_TELEGRAM', 'getLogsTelegram', 'getLogsTelegram', '2000-06-12 00:00:00', NULL);
INSERT INTO `au_risorse` (`idRisorsa`, `nomeMetodo`, `descrizione`, `dataCreazione`, `dataEliminazione`) VALUES('AMM_NOTIFICHE_TELEGRAM', 'getNotificheTelegram', 'getNotificheTelegram', '2000-06-12 00:00:00', NULL);
INSERT INTO `au_ruoli_risorse` (`idTipoRuolo`, `idRisorsa`, `dataCreazione`) VALUES('AMM', 'AMM_ASSOCIA_RUOLO_RISORSA', '2000-06-12 00:00:00');
INSERT INTO `au_ruoli_risorse` (`idTipoRuolo`, `idRisorsa`, `dataCreazione`) VALUES('AMM', 'AMM_ASSOCIA_RUOLO_UTENTE', '2000-06-12 00:00:00');
INSERT INTO `au_ruoli_risorse` (`idTipoRuolo`, `idRisorsa`, `dataCreazione`) VALUES('AMM', 'AMM_ASSOCIA_RUOLO_VOCE_MENU', '2000-06-12 00:00:00');
INSERT INTO `au_ruoli_risorse` (`idTipoRuolo`, `idRisorsa`, `dataCreazione`) VALUES('AMM', 'AMM_AZZERA_CONTATORE_ALERT', '2000-06-12 00:00:00');
INSERT INTO `au_ruoli_risorse` (`idTipoRuolo`, `idRisorsa`, `dataCreazione`) VALUES('AMM', 'AMM_BLOCCA_INDIRIZZO_IP', '2000-06-12 00:00:00');
INSERT INTO `au_ruoli_risorse` (`idTipoRuolo`, `idRisorsa`, `dataCreazione`) VALUES('AMM', 'AMM_BLOCCA_UTENTE', '2000-06-12 00:00:00');
INSERT INTO `au_ruoli_risorse` (`idTipoRuolo`, `idRisorsa`, `dataCreazione`) VALUES('AMM', 'AMM_DISSOCIA_RUOLO_RISORSA', '2000-06-12 00:00:00');
INSERT INTO `au_ruoli_risorse` (`idTipoRuolo`, `idRisorsa`, `dataCreazione`) VALUES('AMM', 'AMM_DISSOCIA_RUOLO_UTENTE', '2000-06-12 00:00:00');
INSERT INTO `au_ruoli_risorse` (`idTipoRuolo`, `idRisorsa`, `dataCreazione`) VALUES('AMM', 'AMM_DISSOCIA_RUOLO_VOCE_MENU', '2000-06-12 00:00:00');
INSERT INTO `au_ruoli_risorse` (`idTipoRuolo`, `idRisorsa`, `dataCreazione`) VALUES('AMM', 'AMM_ELIMINA_NOTIFICA', '2000-06-12 00:00:00');
INSERT INTO `au_ruoli_risorse` (`idTipoRuolo`, `idRisorsa`, `dataCreazione`) VALUES('AMM', 'AMM_ELIMINA_RISORSA', '2000-06-12 00:00:00');
INSERT INTO `au_ruoli_risorse` (`idTipoRuolo`, `idRisorsa`, `dataCreazione`) VALUES('AMM', 'AMM_ELIMINA_T_RUOLO', '2000-06-12 00:00:00');
INSERT INTO `au_ruoli_risorse` (`idTipoRuolo`, `idRisorsa`, `dataCreazione`) VALUES('AMM', 'AMM_ELIMINA_UTENTE', '2000-06-12 00:00:00');
INSERT INTO `au_ruoli_risorse` (`idTipoRuolo`, `idRisorsa`, `dataCreazione`) VALUES('AMM', 'AMM_ELIMINA_VOCE_MENU', '2000-06-12 00:00:00');
INSERT INTO `au_ruoli_risorse` (`idTipoRuolo`, `idRisorsa`, `dataCreazione`) VALUES('AMM', 'AMM_GET_COMBO_RUOLI', '2000-06-12 00:00:00');
INSERT INTO `au_ruoli_risorse` (`idTipoRuolo`, `idRisorsa`, `dataCreazione`) VALUES('AMM', 'AMM_GET_DESTINATARI_NOTIFICA', '2000-06-12 00:00:00');
INSERT INTO `au_ruoli_risorse` (`idTipoRuolo`, `idRisorsa`, `dataCreazione`) VALUES('AMM', 'AMM_GET_LISTA_ACCESSI', '2000-06-12 00:00:00');
INSERT INTO `au_ruoli_risorse` (`idTipoRuolo`, `idRisorsa`, `dataCreazione`) VALUES('AMM', 'AMM_GET_LISTA_DISPOSITIVI_FISICI', '2000-06-12 00:00:00');
INSERT INTO `au_ruoli_risorse` (`idTipoRuolo`, `idRisorsa`, `dataCreazione`) VALUES('AMM', 'AMM_GET_LISTA_NOTIFICHE', '2000-06-12 00:00:00');
INSERT INTO `au_ruoli_risorse` (`idTipoRuolo`, `idRisorsa`, `dataCreazione`) VALUES('AMM', 'AMM_GET_LISTA_VOCI_MENU', '2000-06-12 00:00:00');
INSERT INTO `au_ruoli_risorse` (`idTipoRuolo`, `idRisorsa`, `dataCreazione`) VALUES('AMM', 'AMM_GET_MENU_PER_RUOLO', '2000-06-12 00:00:00');
INSERT INTO `au_ruoli_risorse` (`idTipoRuolo`, `idRisorsa`, `dataCreazione`) VALUES('AMM', 'AMM_GET_NOTIFICA', '2000-06-12 00:00:00');
INSERT INTO `au_ruoli_risorse` (`idTipoRuolo`, `idRisorsa`, `dataCreazione`) VALUES('AMM', 'AMM_GET_NUMERO_ACCESSI_ATTIVI', '2000-06-12 00:00:00');
INSERT INTO `au_ruoli_risorse` (`idTipoRuolo`, `idRisorsa`, `dataCreazione`) VALUES('AMM', 'AMM_GET_NUMERO_DISPOSITIVI_FISICI_ATTIVI', '2000-06-12 00:00:00');
INSERT INTO `au_ruoli_risorse` (`idTipoRuolo`, `idRisorsa`, `dataCreazione`) VALUES('AMM', 'AMM_GET_NUMERO_INDIRIZZI_IP', '2000-06-12 00:00:00');
INSERT INTO `au_ruoli_risorse` (`idTipoRuolo`, `idRisorsa`, `dataCreazione`) VALUES('AMM', 'AMM_GET_NUMERO_RISORSE', '2000-06-12 00:00:00');
INSERT INTO `au_ruoli_risorse` (`idTipoRuolo`, `idRisorsa`, `dataCreazione`) VALUES('AMM', 'AMM_GET_NUMERO_RUOLI', '2000-06-12 00:00:00');
INSERT INTO `au_ruoli_risorse` (`idTipoRuolo`, `idRisorsa`, `dataCreazione`) VALUES('AMM', 'AMM_GET_NUMERO_UTENTI', '2000-06-12 00:00:00');
INSERT INTO `au_ruoli_risorse` (`idTipoRuolo`, `idRisorsa`, `dataCreazione`) VALUES('AMM', 'AMM_GET_NUMERO_VOCI_MENU', '2000-06-12 00:00:00');
INSERT INTO `au_ruoli_risorse` (`idTipoRuolo`, `idRisorsa`, `dataCreazione`) VALUES('AMM', 'AMM_GET_RISORSA', '2000-06-12 00:00:00');
INSERT INTO `au_ruoli_risorse` (`idTipoRuolo`, `idRisorsa`, `dataCreazione`) VALUES('AMM', 'AMM_GET_RISORSE_PER_RUOLO', '2000-06-12 00:00:00');
INSERT INTO `au_ruoli_risorse` (`idTipoRuolo`, `idRisorsa`, `dataCreazione`) VALUES('AMM', 'AMM_GET_STATISTICHE_METODI', '2000-06-12 00:00:00');
INSERT INTO `au_ruoli_risorse` (`idTipoRuolo`, `idRisorsa`, `dataCreazione`) VALUES('AMM', 'AMM_GET_T_RUOLO', '2000-06-12 00:00:00');
INSERT INTO `au_ruoli_risorse` (`idTipoRuolo`, `idRisorsa`, `dataCreazione`) VALUES('AMM', 'AMM_GET_UTENTE', '2000-06-12 00:00:00');
INSERT INTO `au_ruoli_risorse` (`idTipoRuolo`, `idRisorsa`, `dataCreazione`) VALUES('AMM', 'AMM_GET_UTENTI_RUOLO', '2000-06-12 00:00:00');
INSERT INTO `au_ruoli_risorse` (`idTipoRuolo`, `idRisorsa`, `dataCreazione`) VALUES('AMM', 'AMM_GET_VOCE_MENU', '2000-06-12 00:00:00');
INSERT INTO `au_ruoli_risorse` (`idTipoRuolo`, `idRisorsa`, `dataCreazione`) VALUES('AMM', 'AMM_INSERISCI_NOTIFICA', '2000-06-12 00:00:00');
INSERT INTO `au_ruoli_risorse` (`idTipoRuolo`, `idRisorsa`, `dataCreazione`) VALUES('AMM', 'AMM_INSERISCI_RISORSA', '2000-06-12 00:00:00');
INSERT INTO `au_ruoli_risorse` (`idTipoRuolo`, `idRisorsa`, `dataCreazione`) VALUES('AMM', 'AMM_INSERISCI_T_RUOLO', '2000-06-12 00:00:00');
INSERT INTO `au_ruoli_risorse` (`idTipoRuolo`, `idRisorsa`, `dataCreazione`) VALUES('AMM', 'AMM_INSERISCI_UTENTE', '2000-06-12 00:00:00');
INSERT INTO `au_ruoli_risorse` (`idTipoRuolo`, `idRisorsa`, `dataCreazione`) VALUES('AMM', 'AMM_INSERISCI_VOCE_MENU', '2000-06-12 00:00:00');
INSERT INTO `au_ruoli_risorse` (`idTipoRuolo`, `idRisorsa`, `dataCreazione`) VALUES('AMM', 'AMM_INVIA_NOTIFICA_RUOLO', '2000-06-12 00:00:00');
INSERT INTO `au_ruoli_risorse` (`idTipoRuolo`, `idRisorsa`, `dataCreazione`) VALUES('AMM', 'AMM_INVIA_NOTIFICA_TUTTI', '2000-06-12 00:00:00');
INSERT INTO `au_ruoli_risorse` (`idTipoRuolo`, `idRisorsa`, `dataCreazione`) VALUES('AMM', 'AMM_INVIA_NOTIFICA_UTENTE', '2000-06-12 00:00:00');
INSERT INTO `au_ruoli_risorse` (`idTipoRuolo`, `idRisorsa`, `dataCreazione`) VALUES('AMM', 'AMM_LISTA_INDIRIZZI_IP', '2000-06-12 00:00:00');
INSERT INTO `au_ruoli_risorse` (`idTipoRuolo`, `idRisorsa`, `dataCreazione`) VALUES('AMM', 'AMM_LISTA_RISORSE', '2000-06-12 00:00:00');
INSERT INTO `au_ruoli_risorse` (`idTipoRuolo`, `idRisorsa`, `dataCreazione`) VALUES('AMM', 'AMM_LISTA_T_RUOLI', '2000-06-12 00:00:00');
INSERT INTO `au_ruoli_risorse` (`idTipoRuolo`, `idRisorsa`, `dataCreazione`) VALUES('AMM', 'AMM_LISTA_UTENTI', '2000-06-12 00:00:00');
INSERT INTO `au_ruoli_risorse` (`idTipoRuolo`, `idRisorsa`, `dataCreazione`) VALUES('AMM', 'AMM_LOG_DEBUG', '2000-06-12 00:00:00');
INSERT INTO `au_ruoli_risorse` (`idTipoRuolo`, `idRisorsa`, `dataCreazione`) VALUES('AMM', 'AMM_LOG_ERROR', '2000-06-12 00:00:00');
INSERT INTO `au_ruoli_risorse` (`idTipoRuolo`, `idRisorsa`, `dataCreazione`) VALUES('AMM', 'AMM_LOG_INFO', '2000-06-12 00:00:00');
INSERT INTO `au_ruoli_risorse` (`idTipoRuolo`, `idRisorsa`, `dataCreazione`) VALUES('AMM', 'AMM_LOG_WARN', '2000-06-12 00:00:00');
INSERT INTO `au_ruoli_risorse` (`idTipoRuolo`, `idRisorsa`, `dataCreazione`) VALUES('AMM', 'AMM_MODIFICA_NOTIFICA', '2000-06-12 00:00:00');
INSERT INTO `au_ruoli_risorse` (`idTipoRuolo`, `idRisorsa`, `dataCreazione`) VALUES('AMM', 'AMM_MODIFICA_RISORSA', '2000-06-12 00:00:00');
INSERT INTO `au_ruoli_risorse` (`idTipoRuolo`, `idRisorsa`, `dataCreazione`) VALUES('AMM', 'AMM_MODIFICA_T_RUOLO', '2000-06-12 00:00:00');
INSERT INTO `au_ruoli_risorse` (`idTipoRuolo`, `idRisorsa`, `dataCreazione`) VALUES('AMM', 'AMM_MODIFICA_UTENTE', '2000-06-12 00:00:00');
INSERT INTO `au_ruoli_risorse` (`idTipoRuolo`, `idRisorsa`, `dataCreazione`) VALUES('AMM', 'AMM_MODIFICA_VOCE_MENU', '2000-06-12 00:00:00');
INSERT INTO `au_ruoli_risorse` (`idTipoRuolo`, `idRisorsa`, `dataCreazione`) VALUES('AMM', 'AMM_NUMERO_LOGIN', '2000-06-12 00:00:00');
INSERT INTO `au_ruoli_risorse` (`idTipoRuolo`, `idRisorsa`, `dataCreazione`) VALUES('AMM', 'AMM_RIMUOVI_DISPOSITIVO_FISICO', '2000-06-12 00:00:00');
INSERT INTO `au_ruoli_risorse` (`idTipoRuolo`, `idRisorsa`, `dataCreazione`) VALUES('AMM', 'AMM_SBLOCCA_INDIRIZZO_IP', '2000-06-12 00:00:00');
INSERT INTO `au_ruoli_risorse` (`idTipoRuolo`, `idRisorsa`, `dataCreazione`) VALUES('AMM', 'AMM_SBLOCCA_UTENTE', '2000-06-12 00:00:00');
INSERT INTO `au_ruoli_risorse` (`idTipoRuolo`, `idRisorsa`, `dataCreazione`) VALUES('AMM', 'AMM_TERMINA_ACCESSO', '2000-06-12 00:00:00');
INSERT INTO `au_ruoli_risorse` (`idTipoRuolo`, `idRisorsa`, `dataCreazione`) VALUES('USER', 'USER_ABILITA_TIPO_METODO_LOGIN', '2000-06-12 00:00:00');
INSERT INTO `au_ruoli_risorse` (`idTipoRuolo`, `idRisorsa`, `dataCreazione`) VALUES('USER', 'USER_ABILITA_TIPO_RECUPERO_PASSWORD', '2000-06-12 00:00:00');
INSERT INTO `au_ruoli_risorse` (`idTipoRuolo`, `idRisorsa`, `dataCreazione`) VALUES('USER', 'USER_DISABILITA_DISPOSITIVO_FISICO', '2000-06-12 00:00:00');
INSERT INTO `au_ruoli_risorse` (`idTipoRuolo`, `idRisorsa`, `dataCreazione`) VALUES('USER', 'USER_DISABILITA_TIPO_METODO_LOGIN', '2000-06-12 00:00:00');
INSERT INTO `au_ruoli_risorse` (`idTipoRuolo`, `idRisorsa`, `dataCreazione`) VALUES('USER', 'USER_DISABILITA_TIPO_RECUPERO_PASSWORD', '2000-06-12 00:00:00');
INSERT INTO `au_ruoli_risorse` (`idTipoRuolo`, `idRisorsa`, `dataCreazione`) VALUES('USER', 'USER_ELIMINA_NOTIFICA', '2000-06-12 00:00:00');
INSERT INTO `au_ruoli_risorse` (`idTipoRuolo`, `idRisorsa`, `dataCreazione`) VALUES('USER', 'USER_GENERA_CODICI_BACKUP', '2000-06-12 00:00:00');
INSERT INTO `au_ruoli_risorse` (`idTipoRuolo`, `idRisorsa`, `dataCreazione`) VALUES('USER', 'USER_GENERA_ID_DISPOSITIVO_FISICO', '2000-06-12 00:00:00');
INSERT INTO `au_ruoli_risorse` (`idTipoRuolo`, `idRisorsa`, `dataCreazione`) VALUES('USER', 'USER_GET_COMBO_VOCI_MENU', '2000-06-12 00:00:00');
INSERT INTO `au_ruoli_risorse` (`idTipoRuolo`, `idRisorsa`, `dataCreazione`) VALUES('USER', 'USER_GET_METODI_AUTENTICAZIONE_PER_UTENTE_LOGGATO', '2000-06-12 00:00:00');
INSERT INTO `au_ruoli_risorse` (`idTipoRuolo`, `idRisorsa`, `dataCreazione`) VALUES('USER', 'USER_GET_METODI_RECUPERO_PASSWORD_UTENTE_LOGGATO', '2000-06-12 00:00:00');
INSERT INTO `au_ruoli_risorse` (`idTipoRuolo`, `idRisorsa`, `dataCreazione`) VALUES('USER', 'USER_GET_NOTIFICA', '2000-06-12 00:00:00');
INSERT INTO `au_ruoli_risorse` (`idTipoRuolo`, `idRisorsa`, `dataCreazione`) VALUES('USER', 'USER_GET_NOTIFICHE', '2000-06-12 00:00:00');
INSERT INTO `au_ruoli_risorse` (`idTipoRuolo`, `idRisorsa`, `dataCreazione`) VALUES('USER', 'USER_GET_STORICO_ACCESSI', '2000-06-12 00:00:00');
INSERT INTO `au_ruoli_risorse` (`idTipoRuolo`, `idRisorsa`, `dataCreazione`) VALUES('USER', 'USER_GET_UTENTE_LOGGATO', '2000-06-12 00:00:00');
INSERT INTO `au_ruoli_risorse` (`idTipoRuolo`, `idRisorsa`, `dataCreazione`) VALUES('USER', 'USER_GET_VOCI_MENU_PER_UTENTE', '2000-06-12 00:00:00');
INSERT INTO `au_ruoli_risorse` (`idTipoRuolo`, `idRisorsa`, `dataCreazione`) VALUES('USER', 'USER_INVALIDA_TOKEN', '2000-06-12 00:00:00');
INSERT INTO `au_ruoli_risorse` (`idTipoRuolo`, `idRisorsa`, `dataCreazione`) VALUES('USER', 'USER_IS_DISPOSITIVO_ABILITATO', '2000-06-12 00:00:00');
INSERT INTO `au_ruoli_risorse` (`idTipoRuolo`, `idRisorsa`, `dataCreazione`) VALUES('USER', 'USER_LEGGI_NOTIFICHE', '2000-06-12 00:00:00');
INSERT INTO `au_ruoli_risorse` (`idTipoRuolo`, `idRisorsa`, `dataCreazione`) VALUES('USER', 'USER_LISTA_DISPOSITIVI_FISICI', '2000-06-12 00:00:00');
INSERT INTO `au_ruoli_risorse` (`idTipoRuolo`, `idRisorsa`, `dataCreazione`) VALUES('USER', 'USER_VERIFICA_AUTENTICAZIONE', '2000-06-12 00:00:00');
INSERT INTO `au_ruoli_risorse` (`idTipoRuolo`, `idRisorsa`, `dataCreazione`) VALUES('USER', 'USER_GENERA_ID_TELEGRAM', '2000-06-12 00:00:00');
INSERT INTO `au_ruoli_risorse` (`idTipoRuolo`, `idRisorsa`, `dataCreazione`) VALUES('USER', 'USER_LISTA_DISPOSITIVI_FISICI_TELEGRAM', '2000-06-12 00:00:00');
INSERT INTO `au_ruoli_risorse` (`idTipoRuolo`, `idRisorsa`, `dataCreazione`) VALUES('AMM', 'AMM_GET_LISTA_DISPOSITIVI_FISICI_TELEGRAM', '2000-06-12 00:00:00');
INSERT INTO `au_ruoli_risorse` (`idTipoRuolo`, `idRisorsa`, `dataCreazione`) VALUES('AMM', 'AMM_RIMUOVI_DISPOSITIVO_FISICO_TELEGRAM', '2000-06-12 00:00:00');
INSERT INTO `au_ruoli_risorse` (`idTipoRuolo`, `idRisorsa`, `dataCreazione`) VALUES('AMM', 'AMM_LOG_TELEGRAM', '2000-06-12 00:00:00');
INSERT INTO `au_ruoli_risorse` (`idTipoRuolo`, `idRisorsa`, `dataCreazione`) VALUES('AMM', 'AMM_NOTIFICHE_TELEGRAM', '2000-06-12 00:00:00');
INSERT INTO `au_ruoli_utenti` (`idTipoRuolo`, `idUtente`, `dataCreazione`) VALUES('AMM', 1, '2000-06-12 00:00:00');
INSERT INTO `au_ruoli_utenti` (`idTipoRuolo`, `idUtente`, `dataCreazione`) VALUES('USER', 1, '2000-06-12 00:00:00');
INSERT INTO `au_ruoli_voci_menu` (`idTipoRuolo`, `idVoceMenu`, `dataCreazione`) VALUES('AMM', 1, '2000-06-12 00:00:00');
INSERT INTO `au_ruoli_voci_menu` (`idTipoRuolo`, `idVoceMenu`, `dataCreazione`) VALUES('AMM', 2, '2000-06-12 00:00:00');
INSERT INTO `au_ruoli_voci_menu` (`idTipoRuolo`, `idVoceMenu`, `dataCreazione`) VALUES('AMM', 3, '2000-06-12 00:00:00');
INSERT INTO `au_ruoli_voci_menu` (`idTipoRuolo`, `idVoceMenu`, `dataCreazione`) VALUES('AMM', 4, '2000-06-12 00:00:00');
INSERT INTO `au_ruoli_voci_menu` (`idTipoRuolo`, `idVoceMenu`, `dataCreazione`) VALUES('AMM', 5, '2000-06-12 00:00:00');
INSERT INTO `au_ruoli_voci_menu` (`idTipoRuolo`, `idVoceMenu`, `dataCreazione`) VALUES('AMM', 6, '2000-06-12 00:00:00');
INSERT INTO `au_ruoli_voci_menu` (`idTipoRuolo`, `idVoceMenu`, `dataCreazione`) VALUES('AMM', 7, '2000-06-12 00:00:00');
INSERT INTO `au_ruoli_voci_menu` (`idTipoRuolo`, `idVoceMenu`, `dataCreazione`) VALUES('AMM', 8, '2000-06-12 00:00:00');
INSERT INTO `au_ruoli_voci_menu` (`idTipoRuolo`, `idVoceMenu`, `dataCreazione`) VALUES('AMM', 9, '2000-06-12 00:00:00');
INSERT INTO `au_ruoli_voci_menu` (`idTipoRuolo`, `idVoceMenu`, `dataCreazione`) VALUES('AMM', 10, '2000-06-12 00:00:00');
INSERT INTO `au_ruoli_voci_menu` (`idTipoRuolo`, `idVoceMenu`, `dataCreazione`) VALUES('AMM', 11, '2000-06-12 00:00:00');
INSERT INTO `au_ruoli_voci_menu` (`idTipoRuolo`, `idVoceMenu`, `dataCreazione`) VALUES('AMM', 12, '2000-06-12 00:00:00');
INSERT INTO `au_ruoli_voci_menu` (`idTipoRuolo`, `idVoceMenu`, `dataCreazione`) VALUES('AMM', 13, '2000-06-12 00:00:00');
INSERT INTO `au_ruoli_voci_menu` (`idTipoRuolo`, `idVoceMenu`, `dataCreazione`) VALUES('AMM', 14, '2000-06-12 00:00:00');
INSERT INTO `au_ruoli_voci_menu` (`idTipoRuolo`, `idVoceMenu`, `dataCreazione`) VALUES('AMM', 15, '2000-06-12 00:00:00');
INSERT INTO `au_ruoli_voci_menu` (`idTipoRuolo`, `idVoceMenu`, `dataCreazione`) VALUES('AMM', 16, '2000-06-12 00:00:00');
INSERT INTO `au_ruoli_voci_menu` (`idTipoRuolo`, `idVoceMenu`, `dataCreazione`) VALUES('AMM', 17, '2000-06-12 00:00:00');
INSERT INTO `au_ruoli_voci_menu` (`idTipoRuolo`, `idVoceMenu`, `dataCreazione`) VALUES('AMM', 18, '2000-06-12 00:00:00');
INSERT INTO `au_ruoli_voci_menu` (`idTipoRuolo`, `idVoceMenu`, `dataCreazione`) VALUES('AMM', 19, '2000-06-12 00:00:00');
INSERT INTO `au_ruoli_voci_menu` (`idTipoRuolo`, `idVoceMenu`, `dataCreazione`) VALUES('AMM', 20, '2000-06-12 00:00:00');
INSERT INTO `au_ruoli_voci_menu` (`idTipoRuolo`, `idVoceMenu`, `dataCreazione`) VALUES('AMM', 21, '2000-06-12 00:00:00');
INSERT INTO `au_ruoli_voci_menu` (`idTipoRuolo`, `idVoceMenu`, `dataCreazione`) VALUES('AMM', 27, '2000-06-12 00:00:00');
INSERT INTO `au_ruoli_voci_menu` (`idTipoRuolo`, `idVoceMenu`, `dataCreazione`) VALUES('AMM', 28, '2000-06-12 00:00:00');
INSERT INTO `au_ruoli_voci_menu` (`idTipoRuolo`, `idVoceMenu`, `dataCreazione`) VALUES('AMM', 29, '2000-06-12 00:00:00');
INSERT INTO `au_ruoli_voci_menu` (`idTipoRuolo`, `idVoceMenu`, `dataCreazione`) VALUES('AMM', 30, '2000-06-12 00:00:00');
INSERT INTO `au_ruoli_voci_menu` (`idTipoRuolo`, `idVoceMenu`, `dataCreazione`) VALUES('AMM', 31, '2000-06-12 00:00:00');
INSERT INTO `au_ruoli_voci_menu` (`idTipoRuolo`, `idVoceMenu`, `dataCreazione`) VALUES('AMM', 32, '2000-06-12 00:00:00');
INSERT INTO `au_t_metodi_login` (`idTipoMetodoLogin`, `descrizione`) VALUES('EMAIL_PSW_BACKUP_CODE', 'Inserisci la password e un codice di backup  generato precedentemente # Inserisci un codice di backup per completare l\'autenticazione');
INSERT INTO `au_t_metodi_login` (`idTipoMetodoLogin`, `descrizione`) VALUES('EMAIL_PSW_SIX_APP', 'Inserisci la password e il codice di sei cifre che riceverai sull\'authenticator # Inserisci il codice di 6 cifre che ti è stato mandato sull\'authenticator');
INSERT INTO `au_t_metodi_login` (`idTipoMetodoLogin`, `descrizione`) VALUES('EMAIL_PSW_SIX_EMAIL', 'Inserisci la password e il codice di sei cifre che riceverai via email # Inserisci il codice di 6 cifre che ti è stato mandato via email');
INSERT INTO `au_t_metodi_login` (`idTipoMetodoLogin`, `descrizione`) VALUES('EMAIL_PSW_SI_NO_APP', 'Inserisci la password, poi autorizza l\'accesso dall\'authenticator # Apri l\'authenticator e segui le istruzioni per completare l\'autenticazione');
INSERT INTO `au_t_metodi_login` (`idTipoMetodoLogin`, `descrizione`) VALUES('EMAIL_SIX_APP', 'Inserisci il codice di sei cifre che riceverai sull\'authenticator # Apri l\'authenticator e inserisci il codice di sei cifre che ti è stato mandato');
INSERT INTO `au_t_metodi_login` (`idTipoMetodoLogin`, `descrizione`) VALUES('EMAIL_SI_NO_APP', 'Autorizza l\'accesso dall\'authenticator # Apri l\'authenticator e segui le istruzioni per completare l\'autenticazione');
INSERT INTO `au_t_metodi_login` (`idTipoMetodoLogin`, `descrizione`) VALUES('QR_CODE', 'Inquadra il QrCode con l\'authenticator per effettuare l\'accesso');
INSERT INTO `au_t_metodi_login` (`idTipoMetodoLogin`, `descrizione`) VALUES('EMAIL_SIX_TELEGRAM', 'Inserisci il codice di sei cifre che riceverai su Telegram # Apri Telegram e inserisci il codice di sei cifre che ti è stato mandato');
INSERT INTO `au_t_metodi_rec_psw` (`idTipoMetodoRecPsw`, `descrizione`) VALUES('REC_PSW_EMAIL_SIX_APP', 'Ricevi il codice di verifica sull\'authenticator # Inserisci il codice di verifica e la nuova password');
INSERT INTO `au_t_metodi_rec_psw` (`idTipoMetodoRecPsw`, `descrizione`) VALUES('REC_PSW_EMAIL_SIX_EMAIL', 'Ricevi il codice di verifica tramite email # Inserisci il codice di verifica ricevuto via email e la nuova password');
INSERT INTO `au_t_metodi_rec_psw` (`idTipoMetodoRecPsw`, `descrizione`) VALUES('REC_PSW_EMAIL_SIX_TELEGRAM', 'Ricevi il codice di verifica su Telegram # Inserisci il codice di verifica e la nuova password');
INSERT INTO `au_t_ruoli` (`idTipoRuolo`, `descrizione`) VALUES ('AMM', 'Amministratore'), ('USER', 'Utente');
INSERT INTO `au_voci_menu` (`idVoceMenu`, `idVoceMenuPadre`, `descrizione`, `path`, `icona`, `ordine`, `visibile`, `dataCreazione`, `dataEliminazione`) VALUES(1, NULL, 'Gestione utenti', '#', 'fa-solid fa-user-group', 1, 1, '2000-06-12 00:00:00', NULL);
INSERT INTO `au_voci_menu` (`idVoceMenu`, `idVoceMenuPadre`, `descrizione`, `path`, `icona`, `ordine`, `visibile`, `dataCreazione`, `dataEliminazione`) VALUES(2, NULL, 'Gestione risorse', '#', 'fa-solid fa-sitemap', 4, 1, '2000-06-12 00:00:00', NULL);
INSERT INTO `au_voci_menu` (`idVoceMenu`, `idVoceMenuPadre`, `descrizione`, `path`, `icona`, `ordine`, `visibile`, `dataCreazione`, `dataEliminazione`) VALUES(3, NULL, 'Gestione ruoli', '#', 'fa-solid fa-tags', 3, 1, '2000-06-12 00:00:00', NULL);
INSERT INTO `au_voci_menu` (`idVoceMenu`, `idVoceMenuPadre`, `descrizione`, `path`, `icona`, `ordine`, `visibile`, `dataCreazione`, `dataEliminazione`) VALUES(4, NULL, 'Gestione menu', '#', 'fa-solid fa-bars', 6, 1, '2000-06-12 00:00:00', NULL);
INSERT INTO `au_voci_menu` (`idVoceMenu`, `idVoceMenuPadre`, `descrizione`, `path`, `icona`, `ordine`, `visibile`, `dataCreazione`, `dataEliminazione`) VALUES(5, NULL, 'Visualizza Logs', '#', 'fa-solid fa-terminal', 8, 1, '2000-06-12 00:00:00', NULL);
INSERT INTO `au_voci_menu` (`idVoceMenu`, `idVoceMenuPadre`, `descrizione`, `path`, `icona`, `ordine`, `visibile`, `dataCreazione`, `dataEliminazione`) VALUES(6, NULL, 'Gestione indirizzi IP', 'lista-indirizzi-ip', 'fa-solid fa-location-crosshairs', 5, 1, '2000-06-12 00:00:00', NULL);
INSERT INTO `au_voci_menu` (`idVoceMenu`, `idVoceMenuPadre`, `descrizione`, `path`, `icona`, `ordine`, `visibile`, `dataCreazione`, `dataEliminazione`) VALUES(8, 1, 'Inserisci utente', 'scheda-utente', 'fa-solid fa-user-plus', 1, 1, '2000-06-12 00:00:00', NULL);
INSERT INTO `au_voci_menu` (`idVoceMenu`, `idVoceMenuPadre`, `descrizione`, `path`, `icona`, `ordine`, `visibile`, `dataCreazione`, `dataEliminazione`) VALUES(9, 1, 'Lista utenti', 'lista-utenti', 'fa-solid fa-users', 2, 1, '2000-06-12 00:00:00', NULL);
INSERT INTO `au_voci_menu` (`idVoceMenu`, `idVoceMenuPadre`, `descrizione`, `path`, `icona`, `ordine`, `visibile`, `dataCreazione`, `dataEliminazione`) VALUES(12, 3, 'Inserisci ruolo', 'scheda-ruolo', 'fa-solid fa-plus', 1, 1, '2000-06-12 00:00:00', NULL);
INSERT INTO `au_voci_menu` (`idVoceMenu`, `idVoceMenuPadre`, `descrizione`, `path`, `icona`, `ordine`, `visibile`, `dataCreazione`, `dataEliminazione`) VALUES(13, 3, 'Lista ruoli', 'lista-ruoli', 'fa-solid fa-list-ul', 2, 1, '2000-06-12 00:00:00', NULL);
INSERT INTO `au_voci_menu` (`idVoceMenu`, `idVoceMenuPadre`, `descrizione`, `path`, `icona`, `ordine`, `visibile`, `dataCreazione`, `dataEliminazione`) VALUES(14, 2, 'Inserisci risorsa', 'scheda-risorsa', 'fa-solid fa-plus', 1, 1, '2000-06-12 00:00:00', NULL);
INSERT INTO `au_voci_menu` (`idVoceMenu`, `idVoceMenuPadre`, `descrizione`, `path`, `icona`, `ordine`, `visibile`, `dataCreazione`, `dataEliminazione`) VALUES(15, 2, 'Lista risorse', 'lista-risorse', 'fa-solid fa-list-ul', 2, 1, '2000-06-12 00:00:00', NULL);
INSERT INTO `au_voci_menu` (`idVoceMenu`, `idVoceMenuPadre`, `descrizione`, `path`, `icona`, `ordine`, `visibile`, `dataCreazione`, `dataEliminazione`) VALUES(16, 5, 'Livello Error', 'logs/error', 'fa-solid fa-xmark', 1, 1, '2000-06-12 00:00:00', NULL);
INSERT INTO `au_voci_menu` (`idVoceMenu`, `idVoceMenuPadre`, `descrizione`, `path`, `icona`, `ordine`, `visibile`, `dataCreazione`, `dataEliminazione`) VALUES(17, 5, 'Livello Warn', 'logs/warn', 'fa-solid fa-triangle-exclamation', 2, 1, '2000-06-12 00:00:00', NULL);
INSERT INTO `au_voci_menu` (`idVoceMenu`, `idVoceMenuPadre`, `descrizione`, `path`, `icona`, `ordine`, `visibile`, `dataCreazione`, `dataEliminazione`) VALUES(18, 5, 'Livello Info', 'logs/info', 'fa-solid fa-info', 3, 1, '2000-06-12 00:00:00', NULL);
INSERT INTO `au_voci_menu` (`idVoceMenu`, `idVoceMenuPadre`, `descrizione`, `path`, `icona`, `ordine`, `visibile`, `dataCreazione`, `dataEliminazione`) VALUES(19, 5, 'Livello Debug', 'logs/debug', 'fa-solid fa-bug-slash', 4, 1, '2000-06-12 00:00:00', NULL);
INSERT INTO `au_voci_menu` (`idVoceMenu`, `idVoceMenuPadre`, `descrizione`, `path`, `icona`, `ordine`, `visibile`, `dataCreazione`, `dataEliminazione`) VALUES(20, 4, 'Inserisci voce di menu', 'scheda-voce-menu', 'fa-solid fa-plus', 1, 1, '2000-06-12 00:00:00', NULL);
INSERT INTO `au_voci_menu` (`idVoceMenu`, `idVoceMenuPadre`, `descrizione`, `path`, `icona`, `ordine`, `visibile`, `dataCreazione`, `dataEliminazione`) VALUES(21, 4, 'Lista menu', 'lista-menu', 'fa-solid fa-list', 1, 1, '2000-06-12 00:00:00', NULL);
INSERT INTO `au_voci_menu` (`idVoceMenu`, `idVoceMenuPadre`, `descrizione`, `path`, `icona`, `ordine`, `visibile`, `dataCreazione`, `dataEliminazione`) VALUES(27, NULL, 'Gestione notifiche', '#', 'fa-solid fa-bell', 7, 1, '2000-06-12 00:00:00', NULL);
INSERT INTO `au_voci_menu` (`idVoceMenu`, `idVoceMenuPadre`, `descrizione`, `path`, `icona`, `ordine`, `visibile`, `dataCreazione`, `dataEliminazione`) VALUES(28, NULL, 'Gestione dispositivi fisici', 'lista-dispositivi-fisici', 'fa-solid fa-mobile-screen', 6, 1, '2000-06-12 00:00:00', NULL);
INSERT INTO `au_voci_menu` (`idVoceMenu`, `idVoceMenuPadre`, `descrizione`, `path`, `icona`, `ordine`, `visibile`, `dataCreazione`, `dataEliminazione`) VALUES(29, NULL, 'Gestione accessi', 'lista-accessi', 'fa-solid fa-circle-nodes', 7, 1, '2000-06-12 00:00:00', NULL);
INSERT INTO `au_voci_menu` (`idVoceMenu`, `idVoceMenuPadre`, `descrizione`, `path`, `icona`, `ordine`, `visibile`, `dataCreazione`, `dataEliminazione`) VALUES(30, 27, 'Nuova notifica', 'scheda-notifica', 'fa-solid fa-plus', 1, 1, '2000-06-12 00:00:00', NULL);
INSERT INTO `au_voci_menu` (`idVoceMenu`, `idVoceMenuPadre`, `descrizione`, `path`, `icona`, `ordine`, `visibile`, `dataCreazione`, `dataEliminazione`) VALUES(31, 27, 'Lista notifiche', 'lista-notifiche', 'fa-solid fa-list', 2, 1, '2000-06-12 00:00:00', NULL);
INSERT INTO `au_voci_menu` (`idVoceMenu`, `idVoceMenuPadre`, `descrizione`, `path`, `icona`, `ordine`, `visibile`, `dataCreazione`, `dataEliminazione`) VALUES(32, NULL, 'Lista account telegram', 'lista-account-telegram', 'fa-brands fa-telegram', 8, 1, '2000-06-12 00:00:00', NULL);